id,name,model_id:id,group_id:id,perm_read,perm_write,perm_create,perm_unlink
access_send_whatsapp_crm_wizard,send.whatsapp.crm.wizard,model_send_whatsapp_crm_wizard,base.group_user,1,1,1,1
access_send_whatsapp_mass_wizard,send.whatsapp.mass.wizard,model_send_whatsapp_mass_wizard,base.group_user,1,1,1,1
access_apichat_raw_message_user,apichat.raw.message.user,model_apichat_raw_message,base.group_user,1,1,1,0
access_apichat_raw_message_manager,apichat.raw.message.manager,model_apichat_raw_message,base.group_system,1,1,1,1
access_apichat_group_user,apichat.group.user,model_apichat_group,base.group_user,1,0,0,0
access_apichat_group_manager,apichat.group.manager,model_apichat_group,base.group_system,1,1,1,1
access_apichat_sent_message_user,apichat.sent.message.user,model_apichat_sent_message,base.group_user,1,1,1,0
access_apichat_sent_message_manager,apichat.sent.message.manager,model_apichat_sent_message,base.group_system,1,1,1,1